signature,properties
Landroid/bluetooth/BluetoothA2dp;->close()V,
Landroid/bluetooth/BluetoothA2dp;->connect(Landroid/bluetooth/BluetoothDevice;)Z,
Landroid/bluetooth/BluetoothA2dp;->disconnect(Landroid/bluetooth/BluetoothDevice;)Z,
Landroid/bluetooth/BluetoothA2dp;->setActiveDevice(Landroid/bluetooth/BluetoothDevice;)Z,trackingBug=171933273L
Landroid/bluetooth/BluetoothA2dp;->getActiveDevice()Landroid/bluetooth/BluetoothDevice;,trackingBug=171933273L
Landroid/bluetooth/BluetoothAdapter;->mService:Landroid/bluetooth/IBluetooth;,
Landroid/bluetooth/BluetoothAdapter;->getLeState()I,publicAlternatives=%22Use+%7B%40link+%23getState%28%29%7D+instead+to+determine+whether+you+can+use+BLE+%26+BT+classic.%22
Landroid/bluetooth/BluetoothAdapter;->factoryReset()Z,maxTargetSdk=30&trackingBug=170729553L
Landroid/bluetooth/BluetoothAdapter;->getUuids()[Landroid/os/ParcelUuid;,
Landroid/bluetooth/BluetoothAdapter;->listenUsingRfcommOn(ZZ)Landroid/bluetooth/BluetoothServerSocket;,
Landroid/bluetooth/BluetoothAdapter;->listenUsingEncryptedRfcommWithServiceRecord(Ljava/lang/String;Ljava/util/UUID;)Landroid/bluetooth/BluetoothServerSocket;,maxTargetSdk=30&trackingBug=170729553L
Landroid/bluetooth/BluetoothAdapter;->getBluetoothManager()Landroid/bluetooth/IBluetoothManager;,
Landroid/bluetooth/BluetoothClass;-><init>(I)V,maxTargetSdk=28&trackingBug=115609023L
Landroid/bluetooth/BluetoothCodecConfig;-><init>(IIIIIJJJJ)V,
Landroid/bluetooth/BluetoothDevice;->EXTRA_REASON:Ljava/lang/String;,
Landroid/bluetooth/BluetoothDevice;->ACTION_SDP_RECORD:Ljava/lang/String;,maxTargetSdk=30&trackingBug=170729553L
Landroid/bluetooth/BluetoothDevice;->EXTRA_SDP_SEARCH_STATUS:Ljava/lang/String;,maxTargetSdk=30&trackingBug=170729553L
Landroid/bluetooth/BluetoothDevice;-><init>(Landroid/bluetooth/BluetoothAdapter;Ljava/lang/String;)V,
Landroid/bluetooth/BluetoothDevice;-><init>(Ljava/lang/String;)V,
Landroid/bluetooth/BluetoothDevice;-><init>(Landroid/os/Parcel;)V,
Landroid/bluetooth/BluetoothDevice;->createRfcommSocket(I)Landroid/bluetooth/BluetoothSocket;,
Landroid/bluetooth/BluetoothDevice;->createInsecureRfcommSocket(I)Landroid/bluetooth/BluetoothSocket;,publicAlternatives=%22Use+%7B%40link+%23createInsecureRfcommSocketToServiceRecord%7D+instead.%22
Landroid/bluetooth/BluetoothDevice;->createScoSocket()Landroid/bluetooth/BluetoothSocket;,
Landroid/bluetooth/BluetoothDevice;->convertPinToBytes(Ljava/lang/String;)[B,
Landroid/bluetooth/BluetoothDevice;->connectGatt(Landroid/content/Context;ZLandroid/bluetooth/BluetoothGattCallback;IZILjava/util/concurrent/Executor;)Landroid/bluetooth/BluetoothGatt;,maxTargetSdk=30&trackingBug=170729553L
Landroid/bluetooth/BluetoothGatt;->unregisterApp()V,
Landroid/bluetooth/BluetoothGatt;->refresh()Z,
Landroid/bluetooth/BluetoothGattCharacteristic;->mInstance:I,
Landroid/bluetooth/BluetoothGattCharacteristic;->mService:Landroid/bluetooth/BluetoothGattService;,
Landroid/bluetooth/BluetoothGattCharacteristic;->setService(Landroid/bluetooth/BluetoothGattService;)V,
Landroid/bluetooth/BluetoothGattCharacteristic;->setKeySize(I)V,
Landroid/bluetooth/BluetoothGattDescriptor;->mInstance:I,
Landroid/bluetooth/BluetoothGattDescriptor;->mCharacteristic:Landroid/bluetooth/BluetoothGattCharacteristic;,
Landroid/bluetooth/BluetoothGattDescriptor;->setCharacteristic(Landroid/bluetooth/BluetoothGattCharacteristic;)V,
Landroid/bluetooth/BluetoothGattService;->mDevice:Landroid/bluetooth/BluetoothDevice;,
Landroid/bluetooth/BluetoothGattService;->setInstanceId(I)V,
Landroid/bluetooth/BluetoothGattService;->setAdvertisePreferred(Z)V,maxTargetSdk=30&trackingBug=170729553L
Landroid/bluetooth/BluetoothHeadset;->close()V,
Landroid/bluetooth/BluetoothHeadset;->setActiveDevice(Landroid/bluetooth/BluetoothDevice;)Z,trackingBug=171933273L
Landroid/bluetooth/BluetoothHeadset;->getActiveDevice()Landroid/bluetooth/BluetoothDevice;,trackingBug=171933273L
Landroid/bluetooth/BluetoothHeadset;->isEnabled()Z,
Landroid/bluetooth/BluetoothHeadsetClient;->connect(Landroid/bluetooth/BluetoothDevice;)Z,maxTargetSdk=30&trackingBug=170729553L
Landroid/bluetooth/BluetoothHeadsetClient;->disconnect(Landroid/bluetooth/BluetoothDevice;)Z,maxTargetSdk=30&trackingBug=170729553L
Landroid/bluetooth/BluetoothHeadsetClient;->acceptCall(Landroid/bluetooth/BluetoothDevice;I)Z,maxTargetSdk=30&trackingBug=170729553L
Landroid/bluetooth/BluetoothHeadsetClient;->rejectCall(Landroid/bluetooth/BluetoothDevice;)Z,maxTargetSdk=30&trackingBug=170729553L
Landroid/bluetooth/BluetoothHeadsetClient;->getAudioState(Landroid/bluetooth/BluetoothDevice;)I,maxTargetSdk=30&trackingBug=170729553L
Landroid/bluetooth/BluetoothHeadsetClientCall;->getId()I,maxTargetSdk=30&trackingBug=170729553L
Landroid/bluetooth/BluetoothHeadsetClientCall;->getState()I,maxTargetSdk=30&trackingBug=170729553L
Landroid/bluetooth/BluetoothHeadsetClientCall;->getNumber()Ljava/lang/String;,maxTargetSdk=30&trackingBug=170729553L
Landroid/bluetooth/BluetoothHeadsetClientCall;->isMultiParty()Z,maxTargetSdk=30&trackingBug=170729553L
Landroid/bluetooth/BluetoothHeadsetClientCall;->isOutgoing()Z,maxTargetSdk=30&trackingBug=170729553L
Landroid/bluetooth/BluetoothHearingAid;->setActiveDevice(Landroid/bluetooth/BluetoothDevice;)Z,maxTargetSdk=30&trackingBug=170729553L
Landroid/bluetooth/BluetoothHearingAid;->getActiveDevices()Ljava/util/List;,maxTargetSdk=30&trackingBug=170729553L
Landroid/bluetooth/BluetoothMap;->disconnect(Landroid/bluetooth/BluetoothDevice;)Z,maxTargetSdk=30&trackingBug=170729553L
Landroid/bluetooth/BluetoothMapClient;->sendMessage(Landroid/bluetooth/BluetoothDevice;[Landroid/net/Uri;Ljava/lang/String;Landroid/app/PendingIntent;Landroid/app/PendingIntent;)Z,maxTargetSdk=30&trackingBug=170729553L
Landroid/bluetooth/BluetoothPan;-><init>(Landroid/content/Context;Landroid/bluetooth/BluetoothAdapter;)V,
Landroid/bluetooth/BluetoothPan;->close()V,
Landroid/bluetooth/BluetoothPan;->connect(Landroid/bluetooth/BluetoothDevice;)Z,maxTargetSdk=30&trackingBug=170729553L
Landroid/bluetooth/BluetoothPan;->disconnect(Landroid/bluetooth/BluetoothDevice;)Z,
Landroid/bluetooth/BluetoothPan;->isEnabled()Z,
Landroid/bluetooth/BluetoothPan;->log(Ljava/lang/String;)V,
Landroid/bluetooth/BluetoothPbap;->disconnect(Landroid/bluetooth/BluetoothDevice;)Z,maxTargetSdk=30&trackingBug=170729553L
Landroid/bluetooth/BluetoothProfile;->PRIORITY_AUTO_CONNECT:I,maxTargetSdk=30&trackingBug=170729553L
Landroid/bluetooth/BluetoothProfile;->PRIORITY_UNDEFINED:I,
Landroid/bluetooth/BluetoothSap;->disconnect(Landroid/bluetooth/BluetoothDevice;)Z,maxTargetSdk=30&trackingBug=170729553L
Landroid/bluetooth/BluetoothServerSocket;->mSocket:Landroid/bluetooth/BluetoothSocket;,publicAlternatives=%22Use+public+%7B%40link+BluetoothServerSocket%7D+API+instead.%22
Landroid/bluetooth/BluetoothSocket;->EADDRINUSE:I,maxTargetSdk=30&trackingBug=170729553L
Landroid/bluetooth/BluetoothSocket;->mPfd:Landroid/os/ParcelFileDescriptor;,publicAlternatives=%22Use+%7B%40link+BluetoothSocket%7D+public+API+instead.%22
Landroid/bluetooth/BluetoothSocket;->mSocket:Landroid/net/LocalSocket;,
Landroid/bluetooth/BluetoothSocket;->mPort:I,
Landroid/bluetooth/BluetoothUuid;->is16BitUuid(Landroid/os/ParcelUuid;)Z,
Landroid/bluetooth/BluetoothUuid;->is32BitUuid(Landroid/os/ParcelUuid;)Z,
Landroid/bluetooth/le/ScanRecord;->parseFromBytes([B)Landroid/bluetooth/le/ScanRecord;,
