<?xml version="1.0" encoding="UTF-8"?>
<root>
  <item name="android.bluetooth.le.AdvertiseSettings int getOwnAddressType()">
    <annotation name="androidx.annotation.IntDef">
      <val name="value" val="{android.bluetooth.le.AdvertisingSetParameters.ADDRESS_TYPE_DEFAULT, android.bluetooth.le.AdvertisingSetParameters.ADDRESS_TYPE_PUBLIC, android.bluetooth.le.AdvertisingSetParameters.ADDRESS_TYPE_RANDOM, android.bluetooth.le.AdvertisingSetParameters.ADDRESS_TYPE_RANDOM_NON_RESOLVABLE}" />
    </annotation>
  </item>
  <item name="android.bluetooth.le.AdvertiseSettings.Builder android.bluetooth.le.AdvertiseSettings.Builder setOwnAddressType(int) 0">
    <annotation name="androidx.annotation.IntDef">
      <val name="value" val="{android.bluetooth.le.AdvertisingSetParameters.ADDRESS_TYPE_DEFAULT, android.bluetooth.le.AdvertisingSetParameters.ADDRESS_TYPE_PUBLIC, android.bluetooth.le.AdvertisingSetParameters.ADDRESS_TYPE_RANDOM, android.bluetooth.le.AdvertisingSetParameters.ADDRESS_TYPE_RANDOM_NON_RESOLVABLE}" />
    </annotation>
  </item>
  <item name="android.bluetooth.le.AdvertisingSet void enableAdvertising(boolean, int, int)">
    <annotation name="androidx.annotation.RequiresPermission">
      <val name="value" val="&quot;android.permission.BLUETOOTH_ADVERTISE&quot;" />
    </annotation>
  </item>
  <item name="android.bluetooth.le.AdvertisingSet void setAdvertisingData(android.bluetooth.le.AdvertiseData)">
    <annotation name="androidx.annotation.RequiresPermission">
      <val name="value" val="&quot;android.permission.BLUETOOTH_ADVERTISE&quot;" />
    </annotation>
  </item>
  <item name="android.bluetooth.le.AdvertisingSet void setAdvertisingParameters(android.bluetooth.le.AdvertisingSetParameters)">
    <annotation name="androidx.annotation.RequiresPermission">
      <val name="value" val="&quot;android.permission.BLUETOOTH_ADVERTISE&quot;" />
    </annotation>
  </item>
  <item name="android.bluetooth.le.AdvertisingSet void setPeriodicAdvertisingData(android.bluetooth.le.AdvertiseData)">
    <annotation name="androidx.annotation.RequiresPermission">
      <val name="value" val="&quot;android.permission.BLUETOOTH_ADVERTISE&quot;" />
    </annotation>
  </item>
  <item name="android.bluetooth.le.AdvertisingSet void setPeriodicAdvertisingEnabled(boolean)">
    <annotation name="androidx.annotation.RequiresPermission">
      <val name="value" val="&quot;android.permission.BLUETOOTH_ADVERTISE&quot;" />
    </annotation>
  </item>
  <item name="android.bluetooth.le.AdvertisingSet void setPeriodicAdvertisingParameters(android.bluetooth.le.PeriodicAdvertisingParameters)">
    <annotation name="androidx.annotation.RequiresPermission">
      <val name="value" val="&quot;android.permission.BLUETOOTH_ADVERTISE&quot;" />
    </annotation>
  </item>
  <item name="android.bluetooth.le.AdvertisingSet void setScanResponseData(android.bluetooth.le.AdvertiseData)">
    <annotation name="androidx.annotation.RequiresPermission">
      <val name="value" val="&quot;android.permission.BLUETOOTH_ADVERTISE&quot;" />
    </annotation>
  </item>
  <item name="android.bluetooth.le.AdvertisingSetParameters int getOwnAddressType()">
    <annotation name="androidx.annotation.IntDef">
      <val name="value" val="{android.bluetooth.le.AdvertisingSetParameters.ADDRESS_TYPE_DEFAULT, android.bluetooth.le.AdvertisingSetParameters.ADDRESS_TYPE_PUBLIC, android.bluetooth.le.AdvertisingSetParameters.ADDRESS_TYPE_RANDOM, android.bluetooth.le.AdvertisingSetParameters.ADDRESS_TYPE_RANDOM_NON_RESOLVABLE}" />
    </annotation>
  </item>
  <item name="android.bluetooth.le.AdvertisingSetParameters.Builder android.bluetooth.le.AdvertisingSetParameters.Builder setOwnAddressType(int) 0">
    <annotation name="androidx.annotation.IntDef">
      <val name="value" val="{android.bluetooth.le.AdvertisingSetParameters.ADDRESS_TYPE_DEFAULT, android.bluetooth.le.AdvertisingSetParameters.ADDRESS_TYPE_PUBLIC, android.bluetooth.le.AdvertisingSetParameters.ADDRESS_TYPE_RANDOM, android.bluetooth.le.AdvertisingSetParameters.ADDRESS_TYPE_RANDOM_NON_RESOLVABLE}" />
    </annotation>
  </item>
  <item name="android.bluetooth.le.BluetoothLeAdvertiser void startAdvertising(android.bluetooth.le.AdvertiseSettings, android.bluetooth.le.AdvertiseData, android.bluetooth.le.AdvertiseCallback)">
    <annotation name="androidx.annotation.RequiresPermission">
      <val name="allOf" val="{&quot;android.permission.BLUETOOTH_ADVERTISE&quot;, &quot;android.permission.BLUETOOTH_PRIVILEGED&quot;}" />
      <val name="conditional" val="true" />
    </annotation>
  </item>
  <item name="android.bluetooth.le.BluetoothLeAdvertiser void startAdvertising(android.bluetooth.le.AdvertiseSettings, android.bluetooth.le.AdvertiseData, android.bluetooth.le.AdvertiseData, android.bluetooth.le.AdvertiseCallback)">
    <annotation name="androidx.annotation.RequiresPermission">
      <val name="allOf" val="{&quot;android.permission.BLUETOOTH_ADVERTISE&quot;, &quot;android.permission.BLUETOOTH_PRIVILEGED&quot;}" />
      <val name="conditional" val="true" />
    </annotation>
  </item>
  <item name="android.bluetooth.le.BluetoothLeAdvertiser void startAdvertisingSet(android.bluetooth.le.AdvertisingSetParameters, android.bluetooth.le.AdvertiseData, android.bluetooth.le.AdvertiseData, android.bluetooth.le.PeriodicAdvertisingParameters, android.bluetooth.le.AdvertiseData, android.bluetooth.le.AdvertisingSetCallback)">
    <annotation name="androidx.annotation.RequiresPermission">
      <val name="allOf" val="{&quot;android.permission.BLUETOOTH_ADVERTISE&quot;, &quot;android.permission.BLUETOOTH_PRIVILEGED&quot;}" />
      <val name="conditional" val="true" />
    </annotation>
  </item>
  <item name="android.bluetooth.le.BluetoothLeAdvertiser void startAdvertisingSet(android.bluetooth.le.AdvertisingSetParameters, android.bluetooth.le.AdvertiseData, android.bluetooth.le.AdvertiseData, android.bluetooth.le.PeriodicAdvertisingParameters, android.bluetooth.le.AdvertiseData, android.bluetooth.le.AdvertisingSetCallback, android.os.Handler)">
    <annotation name="androidx.annotation.RequiresPermission">
      <val name="allOf" val="{&quot;android.permission.BLUETOOTH_ADVERTISE&quot;, &quot;android.permission.BLUETOOTH_PRIVILEGED&quot;}" />
      <val name="conditional" val="true" />
    </annotation>
  </item>
  <item name="android.bluetooth.le.BluetoothLeAdvertiser void startAdvertisingSet(android.bluetooth.le.AdvertisingSetParameters, android.bluetooth.le.AdvertiseData, android.bluetooth.le.AdvertiseData, android.bluetooth.le.PeriodicAdvertisingParameters, android.bluetooth.le.AdvertiseData, int, int, android.bluetooth.BluetoothGattServer, android.bluetooth.le.AdvertisingSetCallback, android.os.Handler)">
    <annotation name="androidx.annotation.RequiresPermission">
      <val name="allOf" val="{&quot;android.permission.BLUETOOTH_ADVERTISE&quot;, &quot;android.permission.BLUETOOTH_PRIVILEGED&quot;}" />
      <val name="conditional" val="true" />
    </annotation>
  </item>
  <item name="android.bluetooth.le.BluetoothLeAdvertiser void startAdvertisingSet(android.bluetooth.le.AdvertisingSetParameters, android.bluetooth.le.AdvertiseData, android.bluetooth.le.AdvertiseData, android.bluetooth.le.PeriodicAdvertisingParameters, android.bluetooth.le.AdvertiseData, int, int, android.bluetooth.le.AdvertisingSetCallback)">
    <annotation name="androidx.annotation.RequiresPermission">
      <val name="allOf" val="{&quot;android.permission.BLUETOOTH_ADVERTISE&quot;, &quot;android.permission.BLUETOOTH_PRIVILEGED&quot;}" />
      <val name="conditional" val="true" />
    </annotation>
  </item>
  <item name="android.bluetooth.le.BluetoothLeAdvertiser void startAdvertisingSet(android.bluetooth.le.AdvertisingSetParameters, android.bluetooth.le.AdvertiseData, android.bluetooth.le.AdvertiseData, android.bluetooth.le.PeriodicAdvertisingParameters, android.bluetooth.le.AdvertiseData, int, int, android.bluetooth.le.AdvertisingSetCallback, android.os.Handler)">
    <annotation name="androidx.annotation.RequiresPermission">
      <val name="allOf" val="{&quot;android.permission.BLUETOOTH_ADVERTISE&quot;, &quot;android.permission.BLUETOOTH_PRIVILEGED&quot;}" />
      <val name="conditional" val="true" />
    </annotation>
  </item>
  <item name="android.bluetooth.le.BluetoothLeAdvertiser void stopAdvertising(android.bluetooth.le.AdvertiseCallback)">
    <annotation name="androidx.annotation.RequiresPermission">
      <val name="value" val="&quot;android.permission.BLUETOOTH_ADVERTISE&quot;" />
    </annotation>
  </item>
  <item name="android.bluetooth.le.BluetoothLeAdvertiser void stopAdvertisingSet(android.bluetooth.le.AdvertisingSetCallback)">
    <annotation name="androidx.annotation.RequiresPermission">
      <val name="value" val="&quot;android.permission.BLUETOOTH_ADVERTISE&quot;" />
    </annotation>
  </item>
  <item name="android.bluetooth.le.BluetoothLeScanner int startScan(java.util.List&lt;android.bluetooth.le.ScanFilter&gt;, android.bluetooth.le.ScanSettings, android.app.PendingIntent)">
    <annotation name="androidx.annotation.RequiresPermission">
      <val name="value" val="&quot;android.permission.BLUETOOTH_SCAN&quot;" />
    </annotation>
  </item>
  <item name="android.bluetooth.le.BluetoothLeScanner void flushPendingScanResults(android.bluetooth.le.ScanCallback)">
    <annotation name="androidx.annotation.RequiresPermission">
      <val name="value" val="&quot;android.permission.BLUETOOTH_SCAN&quot;" />
    </annotation>
  </item>
  <item name="android.bluetooth.le.BluetoothLeScanner void startScan(android.bluetooth.le.ScanCallback)">
    <annotation name="androidx.annotation.RequiresPermission">
      <val name="value" val="&quot;android.permission.BLUETOOTH_SCAN&quot;" />
    </annotation>
  </item>
  <item name="android.bluetooth.le.BluetoothLeScanner void startScan(java.util.List&lt;android.bluetooth.le.ScanFilter&gt;, android.bluetooth.le.ScanSettings, android.bluetooth.le.ScanCallback)">
    <annotation name="androidx.annotation.RequiresPermission">
      <val name="value" val="&quot;android.permission.BLUETOOTH_SCAN&quot;" />
    </annotation>
  </item>
  <item name="android.bluetooth.le.BluetoothLeScanner void startScanFromSource(android.os.WorkSource, android.bluetooth.le.ScanCallback)">
    <annotation name="androidx.annotation.RequiresPermission">
      <val name="allOf" val="{&quot;android.permission.BLUETOOTH_SCAN&quot;, &quot;android.permission.UPDATE_DEVICE_STATS&quot;}" />
    </annotation>
  </item>
  <item name="android.bluetooth.le.BluetoothLeScanner void startScanFromSource(java.util.List&lt;android.bluetooth.le.ScanFilter&gt;, android.bluetooth.le.ScanSettings, android.os.WorkSource, android.bluetooth.le.ScanCallback)">
    <annotation name="androidx.annotation.RequiresPermission">
      <val name="allOf" val="{&quot;android.permission.BLUETOOTH_SCAN&quot;, &quot;android.permission.UPDATE_DEVICE_STATS&quot;}" />
    </annotation>
  </item>
  <item name="android.bluetooth.le.BluetoothLeScanner void startTruncatedScan(java.util.List&lt;android.bluetooth.le.TruncatedFilter&gt;, android.bluetooth.le.ScanSettings, android.bluetooth.le.ScanCallback)">
    <annotation name="androidx.annotation.RequiresPermission">
      <val name="value" val="&quot;android.permission.BLUETOOTH_SCAN&quot;" />
    </annotation>
  </item>
  <item name="android.bluetooth.le.BluetoothLeScanner void stopScan(android.app.PendingIntent)">
    <annotation name="androidx.annotation.RequiresPermission">
      <val name="value" val="&quot;android.permission.BLUETOOTH_SCAN&quot;" />
    </annotation>
  </item>
  <item name="android.bluetooth.le.BluetoothLeScanner void stopScan(android.bluetooth.le.ScanCallback)">
    <annotation name="androidx.annotation.RequiresPermission">
      <val name="value" val="&quot;android.permission.BLUETOOTH_SCAN&quot;" />
    </annotation>
  </item>
  <item name="android.bluetooth.le.ChannelSoundingParams int getCsSecurityLevel()">
    <annotation name="androidx.annotation.IntDef">
      <val name="value" val="{android.bluetooth.le.ChannelSoundingParams.CS_SECURITY_LEVEL_UNKNOWN, android.bluetooth.le.ChannelSoundingParams.CS_SECURITY_LEVEL_ONE, android.bluetooth.le.ChannelSoundingParams.CS_SECURITY_LEVEL_TWO, android.bluetooth.le.ChannelSoundingParams.CS_SECURITY_LEVEL_THREE, android.bluetooth.le.ChannelSoundingParams.CS_SECURITY_LEVEL_FOUR}" />
    </annotation>
  </item>
  <item name="android.bluetooth.le.ChannelSoundingParams int getLocationType()">
    <annotation name="androidx.annotation.IntDef">
      <val name="value" val="{android.bluetooth.le.ChannelSoundingParams.LOCATION_TYPE_UNKNOWN, android.bluetooth.le.ChannelSoundingParams.LOCATION_TYPE_INDOOR, android.bluetooth.le.ChannelSoundingParams.LOCATION_TYPE_OUTDOOR}" />
    </annotation>
  </item>
  <item name="android.bluetooth.le.ChannelSoundingParams int getSightType()">
    <annotation name="androidx.annotation.IntDef">
      <val name="value" val="{android.bluetooth.le.ChannelSoundingParams.SIGHT_TYPE_UNKNOWN, android.bluetooth.le.ChannelSoundingParams.SIGHT_TYPE_LINE_OF_SIGHT, android.bluetooth.le.ChannelSoundingParams.SIGHT_TYPE_NON_LINE_OF_SIGHT}" />
    </annotation>
  </item>
  <item name="android.bluetooth.le.ChannelSoundingParams.Builder android.bluetooth.le.ChannelSoundingParams.Builder setCsSecurityLevel(int) 0">
    <annotation name="androidx.annotation.IntDef">
      <val name="value" val="{android.bluetooth.le.ChannelSoundingParams.CS_SECURITY_LEVEL_UNKNOWN, android.bluetooth.le.ChannelSoundingParams.CS_SECURITY_LEVEL_ONE, android.bluetooth.le.ChannelSoundingParams.CS_SECURITY_LEVEL_TWO, android.bluetooth.le.ChannelSoundingParams.CS_SECURITY_LEVEL_THREE, android.bluetooth.le.ChannelSoundingParams.CS_SECURITY_LEVEL_FOUR}" />
    </annotation>
  </item>
  <item name="android.bluetooth.le.ChannelSoundingParams.Builder android.bluetooth.le.ChannelSoundingParams.Builder setLocationType(int) 0">
    <annotation name="androidx.annotation.IntDef">
      <val name="value" val="{android.bluetooth.le.ChannelSoundingParams.LOCATION_TYPE_UNKNOWN, android.bluetooth.le.ChannelSoundingParams.LOCATION_TYPE_INDOOR, android.bluetooth.le.ChannelSoundingParams.LOCATION_TYPE_OUTDOOR}" />
    </annotation>
  </item>
  <item name="android.bluetooth.le.ChannelSoundingParams.Builder android.bluetooth.le.ChannelSoundingParams.Builder setSightType(int) 0">
    <annotation name="androidx.annotation.IntDef">
      <val name="value" val="{android.bluetooth.le.ChannelSoundingParams.SIGHT_TYPE_UNKNOWN, android.bluetooth.le.ChannelSoundingParams.SIGHT_TYPE_LINE_OF_SIGHT, android.bluetooth.le.ChannelSoundingParams.SIGHT_TYPE_NON_LINE_OF_SIGHT}" />
    </annotation>
  </item>
  <item name="android.bluetooth.le.DistanceMeasurementManager android.os.CancellationSignal startMeasurementSession(android.bluetooth.le.DistanceMeasurementParams, java.util.concurrent.Executor, android.bluetooth.le.DistanceMeasurementSession.Callback)">
    <annotation name="androidx.annotation.RequiresPermission">
      <val name="allOf" val="{&quot;android.permission.BLUETOOTH_CONNECT&quot;, &quot;android.permission.BLUETOOTH_PRIVILEGED&quot;}" />
    </annotation>
  </item>
  <item name="android.bluetooth.le.DistanceMeasurementManager int getChannelSoundingMaxSupportedSecurityLevel(android.bluetooth.BluetoothDevice)">
    <annotation name="androidx.annotation.RequiresPermission">
      <val name="allOf" val="{&quot;android.permission.BLUETOOTH_CONNECT&quot;, &quot;android.permission.BLUETOOTH_PRIVILEGED&quot;}" />
    </annotation>
    <annotation name="androidx.annotation.IntDef">
      <val name="value" val="{android.bluetooth.le.ChannelSoundingParams.CS_SECURITY_LEVEL_UNKNOWN, android.bluetooth.le.ChannelSoundingParams.CS_SECURITY_LEVEL_ONE, android.bluetooth.le.ChannelSoundingParams.CS_SECURITY_LEVEL_TWO, android.bluetooth.le.ChannelSoundingParams.CS_SECURITY_LEVEL_THREE, android.bluetooth.le.ChannelSoundingParams.CS_SECURITY_LEVEL_FOUR}" />
    </annotation>
  </item>
  <item name="android.bluetooth.le.DistanceMeasurementManager int getLocalChannelSoundingMaxSupportedSecurityLevel()">
    <annotation name="androidx.annotation.RequiresPermission">
      <val name="allOf" val="{&quot;android.permission.BLUETOOTH_CONNECT&quot;, &quot;android.permission.BLUETOOTH_PRIVILEGED&quot;}" />
    </annotation>
    <annotation name="androidx.annotation.IntDef">
      <val name="value" val="{android.bluetooth.le.ChannelSoundingParams.CS_SECURITY_LEVEL_UNKNOWN, android.bluetooth.le.ChannelSoundingParams.CS_SECURITY_LEVEL_ONE, android.bluetooth.le.ChannelSoundingParams.CS_SECURITY_LEVEL_TWO, android.bluetooth.le.ChannelSoundingParams.CS_SECURITY_LEVEL_THREE, android.bluetooth.le.ChannelSoundingParams.CS_SECURITY_LEVEL_FOUR}" />
    </annotation>
  </item>
  <item name="android.bluetooth.le.DistanceMeasurementManager java.util.List&lt;android.bluetooth.le.DistanceMeasurementMethod&gt; getSupportedMethods()">
    <annotation name="androidx.annotation.RequiresPermission">
      <val name="allOf" val="{&quot;android.permission.BLUETOOTH_CONNECT&quot;, &quot;android.permission.BLUETOOTH_PRIVILEGED&quot;}" />
    </annotation>
  </item>
  <item name="android.bluetooth.le.DistanceMeasurementMethod double getId()">
    <annotation name="androidx.annotation.IntDef">
      <val name="value" val="{android.bluetooth.le.DistanceMeasurementMethod.DISTANCE_MEASUREMENT_METHOD_AUTO, android.bluetooth.le.DistanceMeasurementMethod.DISTANCE_MEASUREMENT_METHOD_RSSI, android.bluetooth.le.DistanceMeasurementMethod.DISTANCE_MEASUREMENT_METHOD_CHANNEL_SOUNDING}" />
    </annotation>
  </item>
  <item name="android.bluetooth.le.DistanceMeasurementMethod.Builder Builder(int) 0">
    <annotation name="androidx.annotation.IntDef">
      <val name="value" val="{android.bluetooth.le.DistanceMeasurementMethod.DISTANCE_MEASUREMENT_METHOD_AUTO, android.bluetooth.le.DistanceMeasurementMethod.DISTANCE_MEASUREMENT_METHOD_RSSI, android.bluetooth.le.DistanceMeasurementMethod.DISTANCE_MEASUREMENT_METHOD_CHANNEL_SOUNDING}" />
    </annotation>
  </item>
  <item name="android.bluetooth.le.DistanceMeasurementParams int getDurationSeconds()">
    <annotation name="androidx.annotation.IntRange">
      <val name="from" val="0" />
    </annotation>
  </item>
  <item name="android.bluetooth.le.DistanceMeasurementParams int getFrequency()">
    <annotation name="androidx.annotation.IntDef">
      <val name="value" val="{android.bluetooth.le.DistanceMeasurementParams.REPORT_FREQUENCY_LOW, android.bluetooth.le.DistanceMeasurementParams.REPORT_FREQUENCY_MEDIUM, android.bluetooth.le.DistanceMeasurementParams.REPORT_FREQUENCY_HIGH}" />
    </annotation>
  </item>
  <item name="android.bluetooth.le.DistanceMeasurementParams int getMethodId()">
    <annotation name="androidx.annotation.IntDef">
      <val name="value" val="{android.bluetooth.le.DistanceMeasurementMethod.DISTANCE_MEASUREMENT_METHOD_AUTO, android.bluetooth.le.DistanceMeasurementMethod.DISTANCE_MEASUREMENT_METHOD_RSSI, android.bluetooth.le.DistanceMeasurementMethod.DISTANCE_MEASUREMENT_METHOD_CHANNEL_SOUNDING}" />
    </annotation>
  </item>
  <item name="android.bluetooth.le.DistanceMeasurementParams.Builder android.bluetooth.le.DistanceMeasurementParams.Builder setDurationSeconds(int) 0">
    <annotation name="androidx.annotation.IntRange">
      <val name="from" val="0" />
    </annotation>
  </item>
  <item name="android.bluetooth.le.DistanceMeasurementParams.Builder android.bluetooth.le.DistanceMeasurementParams.Builder setFrequency(int) 0">
    <annotation name="androidx.annotation.IntDef">
      <val name="value" val="{android.bluetooth.le.DistanceMeasurementParams.REPORT_FREQUENCY_LOW, android.bluetooth.le.DistanceMeasurementParams.REPORT_FREQUENCY_MEDIUM, android.bluetooth.le.DistanceMeasurementParams.REPORT_FREQUENCY_HIGH}" />
    </annotation>
  </item>
  <item name="android.bluetooth.le.DistanceMeasurementParams.Builder android.bluetooth.le.DistanceMeasurementParams.Builder setMethodId(int) 0">
    <annotation name="androidx.annotation.IntDef">
      <val name="value" val="{android.bluetooth.le.DistanceMeasurementMethod.DISTANCE_MEASUREMENT_METHOD_AUTO, android.bluetooth.le.DistanceMeasurementMethod.DISTANCE_MEASUREMENT_METHOD_RSSI, android.bluetooth.le.DistanceMeasurementMethod.DISTANCE_MEASUREMENT_METHOD_CHANNEL_SOUNDING}" />
    </annotation>
  </item>
  <item name="android.bluetooth.le.DistanceMeasurementResult double getAltitudeAngle()">
    <annotation name="androidx.annotation.FloatRange">
      <val name="from" val="-90.0" />
      <val name="to" val="90.0" />
    </annotation>
  </item>
  <item name="android.bluetooth.le.DistanceMeasurementResult double getAzimuthAngle()">
    <annotation name="androidx.annotation.FloatRange">
      <val name="from" val="0.0" />
      <val name="to" val="360.0" />
    </annotation>
  </item>
  <item name="android.bluetooth.le.DistanceMeasurementResult double getConfidenceLevel()">
    <annotation name="androidx.annotation.FloatRange">
      <val name="from" val="0.0" />
      <val name="to" val="1.0" />
    </annotation>
  </item>
  <item name="android.bluetooth.le.DistanceMeasurementResult double getErrorMeters()">
    <annotation name="androidx.annotation.FloatRange">
      <val name="from" val="0.0" />
    </annotation>
  </item>
  <item name="android.bluetooth.le.DistanceMeasurementResult int getDetectedAttackLevel()">
    <annotation name="androidx.annotation.IntDef">
      <val name="value" val="{android.bluetooth.le.DistanceMeasurementResult.NADM_ATTACK_IS_EXTREMELY_UNLIKELY, android.bluetooth.le.DistanceMeasurementResult.NADM_ATTACK_IS_VERY_UNLIKELY, android.bluetooth.le.DistanceMeasurementResult.NADM_ATTACK_IS_UNLIKELY, android.bluetooth.le.DistanceMeasurementResult.NADM_ATTACK_IS_POSSIBLE, android.bluetooth.le.DistanceMeasurementResult.NADM_ATTACK_IS_LIKELY, android.bluetooth.le.DistanceMeasurementResult.NADM_ATTACK_IS_VERY_LIKELY, android.bluetooth.le.DistanceMeasurementResult.NADM_ATTACK_IS_EXTREMELY_LIKELY, android.bluetooth.le.DistanceMeasurementResult.NADM_UNKNOWN}" />
    </annotation>
  </item>
  <item name="android.bluetooth.le.DistanceMeasurementResult.Builder Builder(double, double) 0">
    <annotation name="androidx.annotation.FloatRange">
      <val name="from" val="0.0" />
    </annotation>
  </item>
  <item name="android.bluetooth.le.DistanceMeasurementResult.Builder Builder(double, double) 1">
    <annotation name="androidx.annotation.FloatRange">
      <val name="from" val="0.0" />
    </annotation>
  </item>
  <item name="android.bluetooth.le.DistanceMeasurementResult.Builder android.bluetooth.le.DistanceMeasurementResult.Builder setAltitudeAngle(double) 0">
    <annotation name="androidx.annotation.FloatRange">
      <val name="from" val="-90.0" />
      <val name="to" val="90.0" />
    </annotation>
  </item>
  <item name="android.bluetooth.le.DistanceMeasurementResult.Builder android.bluetooth.le.DistanceMeasurementResult.Builder setAzimuthAngle(double) 0">
    <annotation name="androidx.annotation.FloatRange">
      <val name="from" val="0.0" />
      <val name="to" val="360.0" />
    </annotation>
  </item>
  <item name="android.bluetooth.le.DistanceMeasurementResult.Builder android.bluetooth.le.DistanceMeasurementResult.Builder setConfidenceLevel(double) 0">
    <annotation name="androidx.annotation.FloatRange">
      <val name="from" val="0.0" />
      <val name="to" val="1.0" />
    </annotation>
  </item>
  <item name="android.bluetooth.le.DistanceMeasurementResult.Builder android.bluetooth.le.DistanceMeasurementResult.Builder setDetectedAttackLevel(int) 0">
    <annotation name="androidx.annotation.IntDef">
      <val name="value" val="{android.bluetooth.le.DistanceMeasurementResult.NADM_ATTACK_IS_EXTREMELY_UNLIKELY, android.bluetooth.le.DistanceMeasurementResult.NADM_ATTACK_IS_VERY_UNLIKELY, android.bluetooth.le.DistanceMeasurementResult.NADM_ATTACK_IS_UNLIKELY, android.bluetooth.le.DistanceMeasurementResult.NADM_ATTACK_IS_POSSIBLE, android.bluetooth.le.DistanceMeasurementResult.NADM_ATTACK_IS_LIKELY, android.bluetooth.le.DistanceMeasurementResult.NADM_ATTACK_IS_VERY_LIKELY, android.bluetooth.le.DistanceMeasurementResult.NADM_ATTACK_IS_EXTREMELY_LIKELY, android.bluetooth.le.DistanceMeasurementResult.NADM_UNKNOWN}" />
    </annotation>
  </item>
  <item name="android.bluetooth.le.DistanceMeasurementResult.Builder android.bluetooth.le.DistanceMeasurementResult.Builder setErrorAltitudeAngle(double) 0">
    <annotation name="androidx.annotation.FloatRange">
      <val name="from" val="0.0" />
      <val name="to" val="180.0" />
    </annotation>
  </item>
  <item name="android.bluetooth.le.DistanceMeasurementResult.Builder android.bluetooth.le.DistanceMeasurementResult.Builder setErrorAzimuthAngle(double) 0">
    <annotation name="androidx.annotation.FloatRange">
      <val name="from" val="0.0" />
      <val name="to" val="360.0" />
    </annotation>
  </item>
  <item name="android.bluetooth.le.DistanceMeasurementSession int stopSession()">
    <annotation name="androidx.annotation.RequiresPermission">
      <val name="allOf" val="{&quot;android.permission.BLUETOOTH_CONNECT&quot;, &quot;android.permission.BLUETOOTH_PRIVILEGED&quot;}" />
    </annotation>
    <annotation name="androidx.annotation.IntDef">
      <val name="value" val="{android.bluetooth.BluetoothStatusCodes.SUCCESS, android.bluetooth.BluetoothStatusCodes.ERROR_BLUETOOTH_NOT_ENABLED, android.bluetooth.BluetoothStatusCodes.ERROR_DISTANCE_MEASUREMENT_INTERNAL}" />
    </annotation>
  </item>
  <item name="android.bluetooth.le.DistanceMeasurementSession.Callback void onStartFail(int) 0">
    <annotation name="androidx.annotation.IntDef">
      <val name="value" val="{android.bluetooth.BluetoothStatusCodes.ERROR_UNKNOWN, android.bluetooth.BluetoothStatusCodes.FEATURE_NOT_SUPPORTED, android.bluetooth.BluetoothStatusCodes.ERROR_REMOTE_OPERATION_NOT_SUPPORTED, android.bluetooth.BluetoothStatusCodes.REASON_LOCAL_APP_REQUEST, android.bluetooth.BluetoothStatusCodes.REASON_LOCAL_STACK_REQUEST, android.bluetooth.BluetoothStatusCodes.REASON_REMOTE_REQUEST, android.bluetooth.BluetoothStatusCodes.ERROR_TIMEOUT, android.bluetooth.BluetoothStatusCodes.ERROR_NO_LE_CONNECTION, android.bluetooth.BluetoothStatusCodes.ERROR_BAD_PARAMETERS, android.bluetooth.BluetoothStatusCodes.ERROR_DISTANCE_MEASUREMENT_INTERNAL}" />
    </annotation>
  </item>
  <item name="android.bluetooth.le.DistanceMeasurementSession.Callback void onStopped(android.bluetooth.le.DistanceMeasurementSession, int) 1">
    <annotation name="androidx.annotation.IntDef">
      <val name="value" val="{android.bluetooth.BluetoothStatusCodes.ERROR_UNKNOWN, android.bluetooth.BluetoothStatusCodes.FEATURE_NOT_SUPPORTED, android.bluetooth.BluetoothStatusCodes.ERROR_REMOTE_OPERATION_NOT_SUPPORTED, android.bluetooth.BluetoothStatusCodes.REASON_LOCAL_APP_REQUEST, android.bluetooth.BluetoothStatusCodes.REASON_LOCAL_STACK_REQUEST, android.bluetooth.BluetoothStatusCodes.REASON_REMOTE_REQUEST, android.bluetooth.BluetoothStatusCodes.ERROR_TIMEOUT, android.bluetooth.BluetoothStatusCodes.ERROR_NO_LE_CONNECTION, android.bluetooth.BluetoothStatusCodes.ERROR_BAD_PARAMETERS, android.bluetooth.BluetoothStatusCodes.ERROR_DISTANCE_MEASUREMENT_INTERNAL}" />
    </annotation>
  </item>
  <item name="android.bluetooth.le.ScanCallback void onScanFailed(int) 0">
    <annotation name="androidx.annotation.IntDef">
      <val name="value" val="{android.bluetooth.le.ScanCallback.SCAN_FAILED_ALREADY_STARTED, android.bluetooth.le.ScanCallback.SCAN_FAILED_APPLICATION_REGISTRATION_FAILED, android.bluetooth.le.ScanCallback.SCAN_FAILED_INTERNAL_ERROR, android.bluetooth.le.ScanCallback.SCAN_FAILED_FEATURE_UNSUPPORTED, android.bluetooth.le.ScanCallback.SCAN_FAILED_OUT_OF_HARDWARE_RESOURCES, android.bluetooth.le.ScanCallback.SCAN_FAILED_SCANNING_TOO_FREQUENTLY}" />
    </annotation>
  </item>
  <item name="android.bluetooth.le.ScanFilter int getAddressType()">
    <annotation name="androidx.annotation.IntDef">
      <val name="value" val="{android.bluetooth.BluetoothDevice.ADDRESS_TYPE_PUBLIC, android.bluetooth.BluetoothDevice.ADDRESS_TYPE_RANDOM, android.bluetooth.BluetoothDevice.ADDRESS_TYPE_ANONYMOUS, android.bluetooth.BluetoothDevice.ADDRESS_TYPE_UNKNOWN}" />
    </annotation>
  </item>
  <item name="android.bluetooth.le.ScanFilter int getAdvertisingDataType()">
    <annotation name="androidx.annotation.IntDef">
      <val name="value" val="{android.bluetooth.le.ScanRecord.DATA_TYPE_FLAGS, android.bluetooth.le.ScanRecord.DATA_TYPE_SERVICE_UUIDS_16_BIT_PARTIAL, android.bluetooth.le.ScanRecord.DATA_TYPE_SERVICE_UUIDS_16_BIT_COMPLETE, android.bluetooth.le.ScanRecord.DATA_TYPE_SERVICE_UUIDS_32_BIT_PARTIAL, android.bluetooth.le.ScanRecord.DATA_TYPE_SERVICE_UUIDS_32_BIT_COMPLETE, android.bluetooth.le.ScanRecord.DATA_TYPE_SERVICE_UUIDS_128_BIT_PARTIAL, android.bluetooth.le.ScanRecord.DATA_TYPE_SERVICE_UUIDS_128_BIT_COMPLETE, android.bluetooth.le.ScanRecord.DATA_TYPE_LOCAL_NAME_SHORT, android.bluetooth.le.ScanRecord.DATA_TYPE_LOCAL_NAME_COMPLETE, android.bluetooth.le.ScanRecord.DATA_TYPE_TX_POWER_LEVEL, android.bluetooth.le.ScanRecord.DATA_TYPE_CLASS_OF_DEVICE, android.bluetooth.le.ScanRecord.DATA_TYPE_SIMPLE_PAIRING_HASH_C, android.bluetooth.le.ScanRecord.DATA_TYPE_SIMPLE_PAIRING_RANDOMIZER_R, android.bluetooth.le.ScanRecord.DATA_TYPE_DEVICE_ID, android.bluetooth.le.ScanRecord.DATA_TYPE_SECURITY_MANAGER_OUT_OF_BAND_FLAGS, android.bluetooth.le.ScanRecord.DATA_TYPE_SLAVE_CONNECTION_INTERVAL_RANGE, android.bluetooth.le.ScanRecord.DATA_TYPE_SERVICE_SOLICITATION_UUIDS_16_BIT, android.bluetooth.le.ScanRecord.DATA_TYPE_SERVICE_SOLICITATION_UUIDS_128_BIT, android.bluetooth.le.ScanRecord.DATA_TYPE_SERVICE_DATA_16_BIT, android.bluetooth.le.ScanRecord.DATA_TYPE_PUBLIC_TARGET_ADDRESS, android.bluetooth.le.ScanRecord.DATA_TYPE_RANDOM_TARGET_ADDRESS, android.bluetooth.le.ScanRecord.DATA_TYPE_APPEARANCE, android.bluetooth.le.ScanRecord.DATA_TYPE_ADVERTISING_INTERVAL, android.bluetooth.le.ScanRecord.DATA_TYPE_LE_BLUETOOTH_DEVICE_ADDRESS, android.bluetooth.le.ScanRecord.DATA_TYPE_LE_ROLE, android.bluetooth.le.ScanRecord.DATA_TYPE_SIMPLE_PAIRING_HASH_C_256, android.bluetooth.le.ScanRecord.DATA_TYPE_SIMPLE_PAIRING_RANDOMIZER_R_256, android.bluetooth.le.ScanRecord.DATA_TYPE_SERVICE_SOLICITATION_UUIDS_32_BIT, android.bluetooth.le.ScanRecord.DATA_TYPE_SERVICE_DATA_32_BIT, android.bluetooth.le.ScanRecord.DATA_TYPE_SERVICE_DATA_128_BIT, android.bluetooth.le.ScanRecord.DATA_TYPE_LE_SECURE_CONNECTIONS_CONFIRMATION_VALUE, android.bluetooth.le.ScanRecord.DATA_TYPE_LE_SECURE_CONNECTIONS_RANDOM_VALUE, android.bluetooth.le.ScanRecord.DATA_TYPE_URI, android.bluetooth.le.ScanRecord.DATA_TYPE_INDOOR_POSITIONING, android.bluetooth.le.ScanRecord.DATA_TYPE_TRANSPORT_DISCOVERY_DATA, android.bluetooth.le.ScanRecord.DATA_TYPE_LE_SUPPORTED_FEATURES, android.bluetooth.le.ScanRecord.DATA_TYPE_CHANNEL_MAP_UPDATE_INDICATION, android.bluetooth.le.ScanRecord.DATA_TYPE_PB_ADV, android.bluetooth.le.ScanRecord.DATA_TYPE_MESH_MESSAGE, android.bluetooth.le.ScanRecord.DATA_TYPE_MESH_BEACON, android.bluetooth.le.ScanRecord.DATA_TYPE_BIG_INFO, android.bluetooth.le.ScanRecord.DATA_TYPE_BROADCAST_CODE, android.bluetooth.le.ScanRecord.DATA_TYPE_RESOLVABLE_SET_IDENTIFIER, android.bluetooth.le.ScanRecord.DATA_TYPE_ADVERTISING_INTERVAL_LONG, android.bluetooth.le.ScanRecord.DATA_TYPE_3D_INFORMATION_DATA, android.bluetooth.le.ScanRecord.DATA_TYPE_MANUFACTURER_SPECIFIC_DATA}" />
    </annotation>
  </item>
  <item name="android.bluetooth.le.ScanFilter.Builder android.bluetooth.le.ScanFilter.Builder setAdvertisingDataType(int) 0">
    <annotation name="androidx.annotation.IntDef">
      <val name="value" val="{android.bluetooth.le.ScanRecord.DATA_TYPE_FLAGS, android.bluetooth.le.ScanRecord.DATA_TYPE_SERVICE_UUIDS_16_BIT_PARTIAL, android.bluetooth.le.ScanRecord.DATA_TYPE_SERVICE_UUIDS_16_BIT_COMPLETE, android.bluetooth.le.ScanRecord.DATA_TYPE_SERVICE_UUIDS_32_BIT_PARTIAL, android.bluetooth.le.ScanRecord.DATA_TYPE_SERVICE_UUIDS_32_BIT_COMPLETE, android.bluetooth.le.ScanRecord.DATA_TYPE_SERVICE_UUIDS_128_BIT_PARTIAL, android.bluetooth.le.ScanRecord.DATA_TYPE_SERVICE_UUIDS_128_BIT_COMPLETE, android.bluetooth.le.ScanRecord.DATA_TYPE_LOCAL_NAME_SHORT, android.bluetooth.le.ScanRecord.DATA_TYPE_LOCAL_NAME_COMPLETE, android.bluetooth.le.ScanRecord.DATA_TYPE_TX_POWER_LEVEL, android.bluetooth.le.ScanRecord.DATA_TYPE_CLASS_OF_DEVICE, android.bluetooth.le.ScanRecord.DATA_TYPE_SIMPLE_PAIRING_HASH_C, android.bluetooth.le.ScanRecord.DATA_TYPE_SIMPLE_PAIRING_RANDOMIZER_R, android.bluetooth.le.ScanRecord.DATA_TYPE_DEVICE_ID, android.bluetooth.le.ScanRecord.DATA_TYPE_SECURITY_MANAGER_OUT_OF_BAND_FLAGS, android.bluetooth.le.ScanRecord.DATA_TYPE_SLAVE_CONNECTION_INTERVAL_RANGE, android.bluetooth.le.ScanRecord.DATA_TYPE_SERVICE_SOLICITATION_UUIDS_16_BIT, android.bluetooth.le.ScanRecord.DATA_TYPE_SERVICE_SOLICITATION_UUIDS_128_BIT, android.bluetooth.le.ScanRecord.DATA_TYPE_SERVICE_DATA_16_BIT, android.bluetooth.le.ScanRecord.DATA_TYPE_PUBLIC_TARGET_ADDRESS, android.bluetooth.le.ScanRecord.DATA_TYPE_RANDOM_TARGET_ADDRESS, android.bluetooth.le.ScanRecord.DATA_TYPE_APPEARANCE, android.bluetooth.le.ScanRecord.DATA_TYPE_ADVERTISING_INTERVAL, android.bluetooth.le.ScanRecord.DATA_TYPE_LE_BLUETOOTH_DEVICE_ADDRESS, android.bluetooth.le.ScanRecord.DATA_TYPE_LE_ROLE, android.bluetooth.le.ScanRecord.DATA_TYPE_SIMPLE_PAIRING_HASH_C_256, android.bluetooth.le.ScanRecord.DATA_TYPE_SIMPLE_PAIRING_RANDOMIZER_R_256, android.bluetooth.le.ScanRecord.DATA_TYPE_SERVICE_SOLICITATION_UUIDS_32_BIT, android.bluetooth.le.ScanRecord.DATA_TYPE_SERVICE_DATA_32_BIT, android.bluetooth.le.ScanRecord.DATA_TYPE_SERVICE_DATA_128_BIT, android.bluetooth.le.ScanRecord.DATA_TYPE_LE_SECURE_CONNECTIONS_CONFIRMATION_VALUE, android.bluetooth.le.ScanRecord.DATA_TYPE_LE_SECURE_CONNECTIONS_RANDOM_VALUE, android.bluetooth.le.ScanRecord.DATA_TYPE_URI, android.bluetooth.le.ScanRecord.DATA_TYPE_INDOOR_POSITIONING, android.bluetooth.le.ScanRecord.DATA_TYPE_TRANSPORT_DISCOVERY_DATA, android.bluetooth.le.ScanRecord.DATA_TYPE_LE_SUPPORTED_FEATURES, android.bluetooth.le.ScanRecord.DATA_TYPE_CHANNEL_MAP_UPDATE_INDICATION, android.bluetooth.le.ScanRecord.DATA_TYPE_PB_ADV, android.bluetooth.le.ScanRecord.DATA_TYPE_MESH_MESSAGE, android.bluetooth.le.ScanRecord.DATA_TYPE_MESH_BEACON, android.bluetooth.le.ScanRecord.DATA_TYPE_BIG_INFO, android.bluetooth.le.ScanRecord.DATA_TYPE_BROADCAST_CODE, android.bluetooth.le.ScanRecord.DATA_TYPE_RESOLVABLE_SET_IDENTIFIER, android.bluetooth.le.ScanRecord.DATA_TYPE_ADVERTISING_INTERVAL_LONG, android.bluetooth.le.ScanRecord.DATA_TYPE_3D_INFORMATION_DATA, android.bluetooth.le.ScanRecord.DATA_TYPE_MANUFACTURER_SPECIFIC_DATA}" />
    </annotation>
  </item>
  <item name="android.bluetooth.le.ScanFilter.Builder android.bluetooth.le.ScanFilter.Builder setAdvertisingDataTypeWithData(int, byte[], byte[]) 0">
    <annotation name="androidx.annotation.IntDef">
      <val name="value" val="{android.bluetooth.le.ScanRecord.DATA_TYPE_FLAGS, android.bluetooth.le.ScanRecord.DATA_TYPE_SERVICE_UUIDS_16_BIT_PARTIAL, android.bluetooth.le.ScanRecord.DATA_TYPE_SERVICE_UUIDS_16_BIT_COMPLETE, android.bluetooth.le.ScanRecord.DATA_TYPE_SERVICE_UUIDS_32_BIT_PARTIAL, android.bluetooth.le.ScanRecord.DATA_TYPE_SERVICE_UUIDS_32_BIT_COMPLETE, android.bluetooth.le.ScanRecord.DATA_TYPE_SERVICE_UUIDS_128_BIT_PARTIAL, android.bluetooth.le.ScanRecord.DATA_TYPE_SERVICE_UUIDS_128_BIT_COMPLETE, android.bluetooth.le.ScanRecord.DATA_TYPE_LOCAL_NAME_SHORT, android.bluetooth.le.ScanRecord.DATA_TYPE_LOCAL_NAME_COMPLETE, android.bluetooth.le.ScanRecord.DATA_TYPE_TX_POWER_LEVEL, android.bluetooth.le.ScanRecord.DATA_TYPE_CLASS_OF_DEVICE, android.bluetooth.le.ScanRecord.DATA_TYPE_SIMPLE_PAIRING_HASH_C, android.bluetooth.le.ScanRecord.DATA_TYPE_SIMPLE_PAIRING_RANDOMIZER_R, android.bluetooth.le.ScanRecord.DATA_TYPE_DEVICE_ID, android.bluetooth.le.ScanRecord.DATA_TYPE_SECURITY_MANAGER_OUT_OF_BAND_FLAGS, android.bluetooth.le.ScanRecord.DATA_TYPE_SLAVE_CONNECTION_INTERVAL_RANGE, android.bluetooth.le.ScanRecord.DATA_TYPE_SERVICE_SOLICITATION_UUIDS_16_BIT, android.bluetooth.le.ScanRecord.DATA_TYPE_SERVICE_SOLICITATION_UUIDS_128_BIT, android.bluetooth.le.ScanRecord.DATA_TYPE_SERVICE_DATA_16_BIT, android.bluetooth.le.ScanRecord.DATA_TYPE_PUBLIC_TARGET_ADDRESS, android.bluetooth.le.ScanRecord.DATA_TYPE_RANDOM_TARGET_ADDRESS, android.bluetooth.le.ScanRecord.DATA_TYPE_APPEARANCE, android.bluetooth.le.ScanRecord.DATA_TYPE_ADVERTISING_INTERVAL, android.bluetooth.le.ScanRecord.DATA_TYPE_LE_BLUETOOTH_DEVICE_ADDRESS, android.bluetooth.le.ScanRecord.DATA_TYPE_LE_ROLE, android.bluetooth.le.ScanRecord.DATA_TYPE_SIMPLE_PAIRING_HASH_C_256, android.bluetooth.le.ScanRecord.DATA_TYPE_SIMPLE_PAIRING_RANDOMIZER_R_256, android.bluetooth.le.ScanRecord.DATA_TYPE_SERVICE_SOLICITATION_UUIDS_32_BIT, android.bluetooth.le.ScanRecord.DATA_TYPE_SERVICE_DATA_32_BIT, android.bluetooth.le.ScanRecord.DATA_TYPE_SERVICE_DATA_128_BIT, android.bluetooth.le.ScanRecord.DATA_TYPE_LE_SECURE_CONNECTIONS_CONFIRMATION_VALUE, android.bluetooth.le.ScanRecord.DATA_TYPE_LE_SECURE_CONNECTIONS_RANDOM_VALUE, android.bluetooth.le.ScanRecord.DATA_TYPE_URI, android.bluetooth.le.ScanRecord.DATA_TYPE_INDOOR_POSITIONING, android.bluetooth.le.ScanRecord.DATA_TYPE_TRANSPORT_DISCOVERY_DATA, android.bluetooth.le.ScanRecord.DATA_TYPE_LE_SUPPORTED_FEATURES, android.bluetooth.le.ScanRecord.DATA_TYPE_CHANNEL_MAP_UPDATE_INDICATION, android.bluetooth.le.ScanRecord.DATA_TYPE_PB_ADV, android.bluetooth.le.ScanRecord.DATA_TYPE_MESH_MESSAGE, android.bluetooth.le.ScanRecord.DATA_TYPE_MESH_BEACON, android.bluetooth.le.ScanRecord.DATA_TYPE_BIG_INFO, android.bluetooth.le.ScanRecord.DATA_TYPE_BROADCAST_CODE, android.bluetooth.le.ScanRecord.DATA_TYPE_RESOLVABLE_SET_IDENTIFIER, android.bluetooth.le.ScanRecord.DATA_TYPE_ADVERTISING_INTERVAL_LONG, android.bluetooth.le.ScanRecord.DATA_TYPE_3D_INFORMATION_DATA, android.bluetooth.le.ScanRecord.DATA_TYPE_MANUFACTURER_SPECIFIC_DATA}" />
    </annotation>
  </item>
  <item name="android.bluetooth.le.ScanFilter.Builder android.bluetooth.le.ScanFilter.Builder setDeviceAddress(java.lang.String, int) 1">
    <annotation name="androidx.annotation.IntDef">
      <val name="value" val="{android.bluetooth.BluetoothDevice.ADDRESS_TYPE_PUBLIC, android.bluetooth.BluetoothDevice.ADDRESS_TYPE_RANDOM, android.bluetooth.BluetoothDevice.ADDRESS_TYPE_ANONYMOUS, android.bluetooth.BluetoothDevice.ADDRESS_TYPE_UNKNOWN}" />
    </annotation>
  </item>
  <item name="android.bluetooth.le.ScanFilter.Builder android.bluetooth.le.ScanFilter.Builder setDeviceAddress(java.lang.String, int, byte[]) 1">
    <annotation name="androidx.annotation.IntDef">
      <val name="value" val="{android.bluetooth.BluetoothDevice.ADDRESS_TYPE_PUBLIC, android.bluetooth.BluetoothDevice.ADDRESS_TYPE_RANDOM, android.bluetooth.BluetoothDevice.ADDRESS_TYPE_ANONYMOUS, android.bluetooth.BluetoothDevice.ADDRESS_TYPE_UNKNOWN}" />
    </annotation>
  </item>
  <item name="android.bluetooth.le.ScanFilter.Builder android.bluetooth.le.ScanFilter.Builder setTransportBlockFilter(android.bluetooth.le.TransportBlockFilter)">
    <annotation name="androidx.annotation.RequiresPermission">
      <val name="allOf" val="{&quot;android.permission.BLUETOOTH_SCAN&quot;, &quot;android.permission.BLUETOOTH_PRIVILEGED&quot;}" />
    </annotation>
  </item>
</root>

